year_month,depot,monthly
20-02,9358.04,-641.96
20-03,7840.4,-1517.64
20-04,10712.36,2871.96
20-05,11562.32,849.96
20-06,13560.86,1998.54
20-07,15579.96,2019.1
20-08,18762.0,3182.04
20-09,18528.18,-233.82
20-10,17273.5,-1254.68
20-11,23608.73,6335.23
20-12,23167.17,-441.56
21-01,26404.54,3237.37
21-02,24019.39,-2385.15
21-03,20870.19,-3149.2
21-04,21832.05,961.86
21-05,21599.54,-232.51
21-06,23605.86,2006.32
21-07,25963.62,2357.76
21-08,27155.29,1191.67
21-09,26448.42,-706.87
21-10,27408.51,960.09
21-11,25739.71,-1668.8
21-12,19886.17,-5853.54
22-01,19886.17,0.0
22-02,19886.17,0.0
22-03,19886.17,0.0
22-04,19886.17,0.0
22-05,19886.17,0.0
22-06,19886.17,0.0
22-07,19886.17,0.0
22-08,19886.17,0.0
22-09,19886.17,0.0
22-10,19886.17,0.0
22-11,19886.17,0.0
22-12,19886.17,0.0
23-01,19886.17,0.0
23-02,18348.53,-1537.64
23-03,19180.45,831.92
23-04,19494.1,313.65
23-05,20711.43,1217.33
23-06,22130.53,1419.1
23-07,23096.23,965.7
23-08,22287.8,-808.43
23-09,20833.09,-1454.71
23-10,20015.57,-817.52
23-11,22280.7,2265.13
23-12,23433.36,1152.66
24-01,26060.26,2626.9
24-02,29491.2,3430.94
24-03,30312.27,821.07
24-04,28828.45,-1483.82
24-05,31653.65,2825.2
24-06,31918.27,264.62
24-07,29692.02,-2226.25
24-08,30605.95,913.93
24-09,31495.37,889.42
24-10,32690.66,1195.29
24-11,33550.88,860.22
24-12,33141.04,-409.84
25-01,35676.54,2535.5
25-02,32899.54,-2777.0
25-03,30771.83,-2127.71
25-04,34418.59,3646.76
25-05,39300.22,4881.63
25-06,41282.11,1981.89
25-07,43271.48,1989.37
25-08,45213.29,1941.81
25-09,53594.24,8380.95
25-10,53541.42,-52.82
25-11,46837.22,-6704.2
25-12,46837.22,0.0
26-01,60953.08,14115.86
26-02,62936.97,1983.89
26-03,59382.02,-3554.95
26-04,87611.4,28229.38
26-05,128331.88,40720.48
26-06,147718.83,19386.95
26-07,106037.69,-41681.14
26-08,122024.44,15986.75
26-09,134244.13,12219.69
26-10,139480.3,5236.17
26-11,139480.3,0.0
